{"cameraMode":{"drawMode":0,"name":"Shaded","section":"Shading Mode"},"sceneLighting":true,"audioPlay":false,"sceneViewState":{"m_AlwaysRefresh":false,"showFog":true,"showSkybox":true,"showFlares":true,"showImageEffects":true,"showParticleSystems":true,"showVisualEffectGraphs":true,"m_FxEnabled":true},"in2DMode":false,"pivot":{"x":-0.8675057291984558,"y":0.2559766173362732,"z":0.25330525636672976},"rotation":{"x":0.21810530126094819,"y":0.07311581820249558,"z":-0.016388485208153726,"w":0.9730510115623474},"size":0.8660253882408142,"orthographic":false}