{"cameraMode":{"drawMode":0,"name":"Shaded","section":"Shading Mode"},"sceneLighting":false,"audioPlay":false,"sceneViewState":{"m_AlwaysRefresh":false,"showFog":true,"showSkybox":false,"showFlares":true,"showImageEffects":true,"showParticleSystems":true,"showVisualEffectGraphs":true,"m_FxEnabled":true},"in2DMode":false,"pivot":{"x":-0.002702176570892334,"y":0.7941747307777405,"z":0.07851868867874146},"rotation":{"x":0.024620193988084794,"y":0.7536100745201111,"z":-0.02827487699687481,"w":0.656255304813385},"size":0.6587973833084106,"orthographic":false}