{"cameraMode":{"drawMode":0,"name":"Shaded","section":"Shading Mode"},"sceneLighting":true,"audioPlay":false,"sceneViewState":{"m_AlwaysRefresh":false,"showFog":true,"showSkybox":true,"showFlares":true,"showImageEffects":true,"showParticleSystems":true,"showVisualEffectGraphs":true,"m_FxEnabled":true},"in2DMode":false,"pivot":{"x":10.227689743041993,"y":8.745383262634278,"z":-56.72224807739258},"rotation":{"x":0.05560176819562912,"y":0.08055148273706436,"z":-0.007683085277676582,"w":0.9965241551399231},"size":0.6078981757164002,"orthographic":false}