{"cameraMode":{"drawMode":0,"name":"Shaded","section":"Shading Mode"},"sceneLighting":false,"audioPlay":false,"sceneViewState":{"m_AlwaysRefresh":false,"showFog":true,"showSkybox":true,"showFlares":true,"showImageEffects":true,"showParticleSystems":true,"showVisualEffectGraphs":true,"m_FxEnabled":true},"in2DMode":false,"pivot":{"x":52.88679122924805,"y":-0.9514043927192688,"z":-38.221797943115237},"rotation":{"x":-0.09932883083820343,"y":-0.7596130967140198,"z":0.11946997791528702,"w":-0.6315485239028931},"size":0.008414882235229016,"orthographic":false}