{"cameraMode":{"drawMode":0,"name":"Shaded","section":"Shading Mode"},"sceneLighting":true,"audioPlay":false,"sceneViewState":{"m_AlwaysRefresh":false,"showFog":true,"showSkybox":true,"showFlares":true,"showImageEffects":true,"showParticleSystems":true,"showVisualEffectGraphs":true,"m_FxEnabled":true},"in2DMode":false,"pivot":{"x":57.98432159423828,"y":0.784122109413147,"z":17.224258422851564},"rotation":{"x":-0.02396220713853836,"y":-0.05492377281188965,"z":-0.0013299892889335752,"w":0.9982016682624817},"size":2.831514835357666,"orthographic":false}