{"cameraMode":{"drawMode":0,"name":"Shaded","section":"Shading Mode"},"sceneLighting":false,"audioPlay":false,"sceneViewState":{"m_AlwaysRefresh":false,"showFog":true,"showSkybox":true,"showFlares":true,"showImageEffects":true,"showParticleSystems":true,"showVisualEffectGraphs":true,"m_FxEnabled":true},"in2DMode":false,"pivot":{"x":52.54555892944336,"y":-5.008355140686035,"z":-39.590667724609378},"rotation":{"x":0.062469907104969028,"y":-0.9166120886802673,"z":0.15828654170036317,"w":0.36175426840782168},"size":42.217796325683597,"orthographic":true}